{
  "rewrites": [
    {
      "source": "/api/(.*)",
      "destination": "https://your-backend-url.com/api/$1"
    }
  ],
  "headers": [
    {
      "source": "/(.*)",
      "headers": [
        {
          "key": "Content-Security-Policy",
          "value": "default-src 'self'; script-src 'self' 'unsafe-inline'; connect-src *; img-src *; style-src 'self' 'unsafe-inline'; frame-src *"
        },
        {
          "key": "X-Frame-Options",
          "value": "SAMEORIGIN"
        },
        {
          "key": "X-Content-Type-Options",
          "value": "nosniff"
        }
      ]
    }
  ]
}